UC1	Test1Test
UC2	Test2Test
UC2	Test2Test
UC2	Test2Test
UC2	Test2Test
UC2	Test2Test
UC2	Test3Test
UC3	Test4Test
UC3	Test4Test
UC4	Test5Test
UC4	Test5Test
UC4	Test3Test
UC5	Test6Test Test7Test
UC8	Test8Test
UC11 Test9Test
UC12 Test7Test
UC21 Test13Test
UC43 Test11Test
UC34 Test12Test
UC2	Test14Test
UC22Test15Test
UC22 Test16Test
UC26 Test17Test
UC26 Test18Test
UC29 Test19Test Test20Test
UC21 Test21Test
UC30 Test22Test Test23Test Test24Test
UC32 Test25Test
UC19 Test26Test
UC16 Test27Test
UC22 Test28Test
UC22 Test29Test
UC35 Test30Test
UC38 Test31Test
UC37 Test32Test
UC27 Test33Test
UC30 Test34Test
UC17 Test35Test
UC10 Test36Test
UC24 Test37Test
UC34 Test38Test
